{"cameraMode":{"drawMode":0,"name":"Shaded","section":"Shading Mode"},"sceneLighting":false,"audioPlay":false,"sceneViewState":{"showFog":true,"showMaterialUpdate":false,"showSkybox":false,"showFlares":true,"showImageEffects":true,"showParticleSystems":true},"in2DMode":false,"pivot":{"x":-4.0,"y":0.5299999713897705,"z":-3.3299999237060549},"rotation":{"x":-0.05755539610981941,"y":-0.02246079593896866,"z":-0.0012949873926118017,"w":0.9980902671813965},"size":1.4860999584197999,"orthographic":true}