{"cameraMode":{"drawMode":0,"name":"Shaded","section":"Shading Mode"},"sceneLighting":false,"audioPlay":false,"sceneViewState":{"showFog":true,"showMaterialUpdate":false,"showSkybox":false,"showFlares":true,"showImageEffects":true,"showParticleSystems":true},"in2DMode":false,"pivot":{"x":-4.228860378265381,"y":0.8400000333786011,"z":1.4934067726135255},"rotation":{"x":0.35697680711746218,"y":-0.6135769486427307,"z":0.36281222105026247,"w":0.6037161946296692},"size":5.900176525115967,"orthographic":false}