{"cameraMode":{"drawMode":0,"name":"Shaded","section":"Shading Mode"},"sceneLighting":false,"audioPlay":false,"sceneViewState":{"showFog":true,"showMaterialUpdate":false,"showSkybox":false,"showFlares":true,"showImageEffects":true,"showParticleSystems":true},"in2DMode":false,"pivot":{"x":5.434999942779541,"y":1.250999927520752,"z":-5.176000118255615},"rotation":{"x":0.29913973808288576,"y":-0.026068920269608499,"z":0.008143667131662369,"w":0.9538407325744629},"size":2.8578836917877199,"orthographic":true}