{"cameraMode":{"drawMode":0,"name":"Shaded","section":"Shading Mode"},"sceneLighting":false,"audioPlay":false,"sceneViewState":{"showFog":true,"showMaterialUpdate":false,"showSkybox":false,"showFlares":true,"showImageEffects":true,"showParticleSystems":true},"in2DMode":false,"pivot":{"x":2.640000104904175,"y":2.129999876022339,"z":-5.239999771118164},"rotation":{"x":0.26904237270355227,"y":-0.01193632185459137,"z":0.003086790442466736,"w":0.9631074070930481},"size":1.143153429031372,"orthographic":true}