{"cameraMode":{"drawMode":0,"name":"Shaded","section":"Shading Mode"},"sceneLighting":false,"audioPlay":false,"sceneViewState":{"showFog":true,"showMaterialUpdate":false,"showSkybox":false,"showFlares":true,"showImageEffects":true,"showParticleSystems":true},"in2DMode":false,"pivot":{"x":2.5789999961853029,"y":1.2950000762939454,"z":-5.144999980926514},"rotation":{"x":0.3451184630393982,"y":-0.07060473412275315,"z":0.02601374126970768,"w":0.935560941696167},"size":2.8578836917877199,"orthographic":true}