{"cameraMode":{"drawMode":0,"name":"Shaded","section":"Shading Mode"},"sceneLighting":false,"audioPlay":false,"sceneViewState":{"showFog":true,"showMaterialUpdate":false,"showSkybox":false,"showFlares":true,"showImageEffects":true,"showParticleSystems":true},"in2DMode":false,"pivot":{"x":0.44000011682510378,"y":2.200000047683716,"z":0.44300001859664919},"rotation":{"x":-0.0014052627375349403,"y":0.7376054525375366,"z":0.001561214099638164,"w":0.6752539873123169},"size":1.143154501914978,"orthographic":true}