{"cameraMode":{"drawMode":0,"name":"Shaded","section":"Shading Mode"},"sceneLighting":false,"audioPlay":false,"sceneViewState":{"showFog":true,"showMaterialUpdate":false,"showSkybox":false,"showFlares":true,"showImageEffects":true,"showParticleSystems":true},"in2DMode":false,"pivot":{"x":0.570000171661377,"y":0.8700000047683716,"z":-0.5299999713897705},"rotation":{"x":0.6866738200187683,"y":0.004134719260036945,"z":-0.003907992970198393,"w":0.7269618511199951},"size":0.857365071773529,"orthographic":true}