{"cameraMode":{"drawMode":0,"name":"Shaded","section":"Shading Mode"},"sceneLighting":false,"audioPlay":false,"sceneViewState":{"showFog":true,"showMaterialUpdate":false,"showSkybox":false,"showFlares":true,"showImageEffects":true,"showParticleSystems":true},"in2DMode":false,"pivot":{"x":2.469865322113037,"y":0.876612663269043,"z":-1.6225309371948243},"rotation":{"x":-0.1488262563943863,"y":0.7095059752464294,"z":-0.1574673056602478,"w":-0.6705794930458069},"size":2.8578848838806154,"orthographic":true}