{"cameraMode":{"drawMode":0,"name":"Shaded","section":"Shading Mode"},"sceneLighting":false,"audioPlay":false,"sceneViewState":{"showFog":true,"showMaterialUpdate":false,"showSkybox":false,"showFlares":true,"showImageEffects":true,"showParticleSystems":true},"in2DMode":false,"pivot":{"x":0.219865083694458,"y":0.626612663269043,"z":0.6274691820144653},"rotation":{"x":0.7038401961326599,"y":0.010653899051249028,"z":-0.010558340698480606,"w":0.7102039456367493},"size":3.105699300765991,"orthographic":true}