{"cameraMode":{"drawMode":0,"name":"Shaded","section":"Shading Mode"},"sceneLighting":false,"audioPlay":false,"sceneViewState":{"showFog":true,"showMaterialUpdate":false,"showSkybox":false,"showFlares":true,"showImageEffects":true,"showParticleSystems":true},"in2DMode":false,"pivot":{"x":2.440464973449707,"y":0.9729423522949219,"z":-0.6498507261276245},"rotation":{"x":-0.019479013979434968,"y":0.9671899080276489,"z":-0.0779213011264801,"w":-0.2412431240081787},"size":2.469731092453003,"orthographic":true}