{"cameraMode":{"drawMode":0,"name":"Shaded","section":"Shading Mode"},"sceneLighting":true,"audioPlay":false,"sceneViewState":{"showFog":true,"showMaterialUpdate":false,"showSkybox":true,"showFlares":true,"showImageEffects":true,"showParticleSystems":true},"in2DMode":false,"pivot":{"x":2.63531494140625,"y":2.45751953125,"z":1.7307167053222657},"rotation":{"x":0.100909024477005,"y":-0.8922391533851624,"z":0.36457258462905886,"w":0.2468995898962021},"size":8.129447937011719,"orthographic":true}