{"cameraMode":{"drawMode":0,"name":"Shaded","section":"Shading Mode"},"sceneLighting":false,"audioPlay":false,"sceneViewState":{"showFog":true,"showMaterialUpdate":false,"showSkybox":false,"showFlares":true,"showImageEffects":true,"showParticleSystems":true},"in2DMode":false,"pivot":{"x":8.77880859375,"y":3.921875,"z":9.030593872070313},"rotation":{"x":-0.04841442406177521,"y":0.7450618743896484,"z":-0.054413847625255588,"w":-0.6630219221115112},"size":3.0843005180358888,"orthographic":true}